HCl nicotinic_acid histamine dogs,Chemical pobj of prep Effects conj Chemical
HCl nicotinic_acid nicotinic_acid histamine,Chemical pobj of prep Effects conj Chemical
HCl nicotinic_acid nicotinic_acid histamine,Chemical pobj of prep Effects conj Chemical
HCl nicotinic_acid nicotinic_acid histamine,Chemical pobj of prep Effects conj Chemical
HCl nicotinic_acid histamine dogs,Chemical pobj of prep Effects conj Chemical
HCl nicotinic_acid nicotinic_acid histamine,Chemical pobj of prep Effects conj Chemical
HCl nicotinic_acid nicotinic_acid histamine,Chemical pobj of prep Effects conj Chemical
HCl nicotinic_acid nicotinic_acid histamine,Chemical pobj of prep Effects conj Chemical
HCl nicotinic_acid histamine dogs,Chemical pobj of prep Effects conj Chemical
HCl nicotinic_acid nicotinic_acid histamine,Chemical pobj of prep Effects conj Chemical
HCl nicotinic_acid nicotinic_acid histamine,Chemical pobj of prep Effects conj Chemical
HCl nicotinic_acid nicotinic_acid histamine,Chemical pobj of prep Effects conj Chemical
HCl nicotinic_acid histamine dogs,Chemical pobj of prep Effects conj Chemical
HCl nicotinic_acid nicotinic_acid histamine,Chemical pobj of prep Effects conj Chemical
HCl nicotinic_acid nicotinic_acid histamine,Chemical pobj of prep Effects conj Chemical
HCl nicotinic_acid nicotinic_acid histamine,Chemical pobj of prep Effects conj Chemical
HCl nicotinic_acid histamine dogs,Chemical pobj of prep Effects conj Chemical
HCl nicotinic_acid nicotinic_acid histamine,Chemical pobj of prep Effects conj Chemical
HCl nicotinic_acid nicotinic_acid histamine,Chemical pobj of prep Effects conj Chemical
HCl nicotinic_acid nicotinic_acid histamine,Chemical pobj of prep Effects conj Chemical
HCl nicotinic_acid histamine dogs,Chemical pobj of prep Effects conj Chemical
HCl nicotinic_acid nicotinic_acid histamine,Chemical pobj of prep Effects conj Chemical
HCl nicotinic_acid nicotinic_acid histamine,Chemical pobj of prep Effects conj Chemical
HCl nicotinic_acid nicotinic_acid histamine,Chemical pobj of prep Effects conj Chemical
,Chemical pobj of prep Effects conj Chemical
,Chemical pobj of prep Effects conj Chemical
,Chemical pobj of prep Effects conj Chemical
,Chemical pobj of prep Effects conj Chemical
,Chemical pobj of prep Effects conj Chemical
,Chemical pobj of prep Effects conj Chemical
,Chemical pobj of prep Effects conj Chemical
,Chemical pobj of prep Effects conj Chemical
HCl nicotinic_acid histamine dogs,Chemical pobj of prep Effects conj Chemical
HCl nicotinic_acid nicotinic_acid histamine,Chemical pobj of prep Effects conj Chemical
HCl nicotinic_acid nicotinic_acid histamine,Chemical pobj of prep Effects conj Chemical
HCl nicotinic_acid nicotinic_acid histamine,Chemical pobj of prep Effects conj Chemical
