"['Corticotropin', 'protamine']","['Chemical', 'conj', 'compound', 'Chemical']"
"['Corticotropin', 'protamine']","['Chemical', 'conj', 'compound', 'Chemical']"
"['Corticotropin', 'protamine']","['Chemical', 'conj', 'compound', 'Chemical']"
"['methylcholanthrene', 'dibenzanthracene']","['Chemical', 'conj', 'Chemical']"
"['methylcholanthrene', 'dibenzanthracene']","['Chemical', 'conj', 'Chemical']"
"['methylcholanthrene', 'dibenzanthracene']","['Chemical', 'conj', 'Chemical']"
"['ascorbic_acid', 'thiamine']","['Chemical', 'conj', 'Chemical']"
"['lysine', 'methionine']","['Chemical', 'conj', 'Chemical']"
"['creatinine', 'vitamin_E']","['Chemical', 'prep', 'pobj', 'nmod', 'Chemical']"
"['creatinine', 'vitamin_E']","['Chemical', 'prep', 'pobj', 'nmod', 'Chemical']"
"['vitamin_B12', 'choline']","['Chemical', 'prep', 'pobj', 'prep', 'pobj', 'Chemical']"
"['vitamin_B12', 'choline']","['Chemical', 'prep', 'pobj', 'prep', 'pobj', 'Chemical']"
"['lycopene', 'carotene']","['Chemical', 'prep', 'ROOT', 'conj', 'prep', 'pobj', 'prep', 'pobj', 'Chemical']"
"['lycopene', 'carotene']","['Chemical', 'prep', 'ROOT', 'conj', 'prep', 'pobj', 'prep', 'pobj', 'Chemical']"
"['lycopene', 'carotene']","['Chemical', 'prep', 'ROOT', 'conj', 'prep', 'pobj', 'prep', 'pobj', 'Chemical']"
"['cobalt', 'vitamin_B12']","['Chemical', 'amod', 'pobj', 'prep', 'ROOT', 'relcl', 'dobj', 'Chemical']"
"['cobalt', 'vitamin_B12']","['Chemical', 'amod', 'pobj', 'prep', 'ROOT', 'relcl', 'dobj', 'Chemical']"
"['calcium', 'lactate']","['Chemical', 'prep', 'ROOT', 'prep', 'pobj', 'Chemical']"
"['calcium', 'gluconate']","['Chemical', 'prep', 'ROOT', 'prep', 'pobj', 'conj', 'Chemical']"
"['calcium', 'sulfate']","['Chemical', 'prep', 'ROOT', 'prep', 'pobj', 'conj', 'conj', 'Chemical']"
"['calcium', 'carbonate']","['Chemical', 'prep', 'ROOT', 'prep', 'pobj', 'conj', 'conj', 'conj', 'amod', 'Chemical']"
"['lactate', 'gluconate']","['Chemical', 'conj', 'Chemical']"
"['lactate', 'sulfate']","['Chemical', 'conj', 'conj', 'Chemical']"
"['lactate', 'carbonate']","['Chemical', 'conj', 'conj', 'conj', 'amod', 'Chemical']"
"['gluconate', 'sulfate']","['Chemical', 'conj', 'Chemical']"
"['gluconate', 'carbonate']","['Chemical', 'conj', 'conj', 'amod', 'Chemical']"
"['sulfate', 'carbonate']","['Chemical', 'conj', 'amod', 'Chemical']"
"['calcium', 'lactate']","['Chemical', 'prep', 'ROOT', 'prep', 'pobj', 'Chemical']"
"['calcium', 'gluconate']","['Chemical', 'prep', 'ROOT', 'prep', 'pobj', 'conj', 'Chemical']"
"['calcium', 'sulfate']","['Chemical', 'prep', 'ROOT', 'prep', 'pobj', 'conj', 'conj', 'Chemical']"
"['calcium', 'carbonate']","['Chemical', 'prep', 'ROOT', 'prep', 'pobj', 'conj', 'conj', 'conj', 'amod', 'Chemical']"
"['lactate', 'gluconate']","['Chemical', 'conj', 'Chemical']"
"['lactate', 'sulfate']","['Chemical', 'conj', 'conj', 'Chemical']"
"['lactate', 'carbonate']","['Chemical', 'conj', 'conj', 'conj', 'amod', 'Chemical']"
"['gluconate', 'sulfate']","['Chemical', 'conj', 'Chemical']"
"['gluconate', 'carbonate']","['Chemical', 'conj', 'conj', 'amod', 'Chemical']"
"['sulfate', 'carbonate']","['Chemical', 'conj', 'amod', 'Chemical']"
"['calcium', 'lactate']","['Chemical', 'prep', 'ROOT', 'prep', 'pobj', 'Chemical']"
"['calcium', 'gluconate']","['Chemical', 'prep', 'ROOT', 'prep', 'pobj', 'conj', 'Chemical']"
"['calcium', 'sulfate']","['Chemical', 'prep', 'ROOT', 'prep', 'pobj', 'conj', 'conj', 'Chemical']"
"['lactate', 'gluconate']","['Chemical', 'conj', 'Chemical']"
"['lactate', 'sulfate']","['Chemical', 'conj', 'conj', 'Chemical']"
"['gluconate', 'sulfate']","['Chemical', 'conj', 'Chemical']"
"['calcium', 'lactate']","['Chemical', 'prep', 'ROOT', 'prep', 'pobj', 'Chemical']"
"['calcium', 'gluconate']","['Chemical', 'prep', 'ROOT', 'prep', 'pobj', 'conj', 'Chemical']"
"['lactate', 'gluconate']","['Chemical', 'conj', 'Chemical']"
"['calcium', 'lactate']","['Chemical', 'prep', 'ROOT', 'prep', 'pobj', 'Chemical']"
"['niacin', 'tryptophan']","['Chemical', 'nmod', 'Chemical']"
"['niacin', 'tryptophan']","['Chemical', 'nmod', 'Chemical']"
"['niacin', 'tryptophan']","['Chemical', 'nmod', 'Chemical']"
"['niacin', 'tryptophan']","['Chemical', 'nmod', 'Chemical']"
"['pyridoxal', 'pyridoxamine']","['Chemical', 'conj', 'Chemical']"
"['pyridoxal', 'pyridoxine']","['Chemical', 'conj', 'conj', 'Chemical']"
"['pyridoxamine', 'pyridoxine']","['Chemical', 'conj', 'Chemical']"
"['pyridoxal', 'pyridoxamine']","['Chemical', 'conj', 'Chemical']"
"['trimethadione', 'tridione']","['Chemical', 'appos', 'Chemical']"
"['11_hydroxy_cardiac_steroids', 'cortisone']","['Chemical', 'prep', 'ROOT', 'prep', 'pobj', 'conj', 'Chemical']"
"['thyroxin', '6_n_propyl_2_thiouracil']","['Chemical', 'conj', 'conj', 'Chemical']"
"['penicillin', 'hexamine']","['Chemical', 'pobj', 'prep', 'pobj', 'prep', 'pobj', 'Chemical']"
"['2:3_dimercaptopropanol', 'dimercaprol']","['Chemical', 'appos', 'Chemical']"
"['ether', 'cyclopropane']","['Chemical', 'conj', 'Chemical']"
"['histamine', 'histamine']","['Chemical', 'conj', 'compound', 'Chemical']"
"['histamine', 'leukotaxine']","['Chemical', 'conj', 'conj', 'Chemical']"
"['histamine', 'histamine']","['Chemical', 'conj', 'compound', 'Chemical']"
"['histamine', 'leukotaxine']","['Chemical', 'conj', 'conj', 'Chemical']"
"['histamine', 'histamine']","['Chemical', 'conj', 'compound', 'Chemical']"
"['carbon_monoxide', 'nitrogen']","['Chemical', 'conj', 'Chemical']"
"['amine', 'noradrenaline']","['Chemical', 'pobj', 'prep', 'pobj', 'prep', 'pobj', 'Chemical']"
"['amine', 'adrenaline']","['Chemical', 'pobj', 'prep', 'pobj', 'prep', 'pobj', 'prep', 'pobj', 'compound', 'compound', 'Chemical']"
"['amine', 'noradrenaline']","['Chemical', 'pobj', 'prep', 'pobj', 'prep', 'pobj', 'prep', 'pobj', 'compound', 'Chemical']"
"['noradrenaline', 'adrenaline']","['Chemical', 'prep', 'pobj', 'compound', 'compound', 'Chemical']"
"['noradrenaline', 'noradrenaline']","['Chemical', 'prep', 'pobj', 'compound', 'Chemical']"
"['adrenaline', 'noradrenaline']","['Chemical', 'compound', 'Chemical']"
"['amine', 'noradrenaline']","['Chemical', 'pobj', 'prep', 'pobj', 'prep', 'pobj', 'Chemical']"
"['amine', 'adrenaline']","['Chemical', 'pobj', 'prep', 'pobj', 'prep', 'pobj', 'prep', 'pobj', 'compound', 'compound', 'Chemical']"
"['noradrenaline', 'adrenaline']","['Chemical', 'prep', 'pobj', 'compound', 'compound', 'Chemical']"
"['amine', 'noradrenaline']","['Chemical', 'pobj', 'prep', 'pobj', 'prep', 'pobj', 'Chemical']"
"['ephedrine', 'amylocaine']","['Chemical', 'prep', 'nsubj', 'ROOT', 'Chemical']"
"['ephedrine', 'cocaine']","['Chemical', 'prep', 'nsubj', 'ROOT', 'conj', 'Chemical']"
"['ephedrine', 'adrenaline']","['Chemical', 'prep', 'nsubj', 'ROOT', 'conj', 'prep', 'pobj', 'Chemical']"
"['ephedrine', 'noradrenaline']","['Chemical', 'prep', 'nsubj', 'ROOT', 'conj', 'prep', 'pobj', 'conj', 'Chemical']"
"['ephedrine', '3:4_dihydroxynorephedrine']","['Chemical', 'prep', 'nsubj', 'ROOT', 'conj', 'prep', 'pobj', 'conj', 'conj', 'Chemical']"
"['amylocaine', 'cocaine']","['Chemical', 'conj', 'Chemical']"
"['amylocaine', 'adrenaline']","['Chemical', 'conj', 'prep', 'pobj', 'Chemical']"
"['amylocaine', 'noradrenaline']","['Chemical', 'conj', 'prep', 'pobj', 'conj', 'Chemical']"
"['amylocaine', '3:4_dihydroxynorephedrine']","['Chemical', 'conj', 'prep', 'pobj', 'conj', 'conj', 'Chemical']"
"['cocaine', 'adrenaline']","['Chemical', 'prep', 'pobj', 'Chemical']"
"['cocaine', 'noradrenaline']","['Chemical', 'prep', 'pobj', 'conj', 'Chemical']"
"['cocaine', '3:4_dihydroxynorephedrine']","['Chemical', 'prep', 'pobj', 'conj', 'conj', 'Chemical']"
"['adrenaline', 'noradrenaline']","['Chemical', 'conj', 'Chemical']"
"['adrenaline', '3:4_dihydroxynorephedrine']","['Chemical', 'conj', 'conj', 'Chemical']"
"['noradrenaline', '3:4_dihydroxynorephedrine']","['Chemical', 'conj', 'Chemical']"
"['ephedrine', 'amylocaine']","['Chemical', 'prep', 'nsubj', 'ROOT', 'Chemical']"
"['ephedrine', 'cocaine']","['Chemical', 'prep', 'nsubj', 'ROOT', 'conj', 'Chemical']"
"['ephedrine', 'adrenaline']","['Chemical', 'prep', 'nsubj', 'ROOT', 'conj', 'prep', 'pobj', 'Chemical']"
"['ephedrine', 'noradrenaline']","['Chemical', 'prep', 'nsubj', 'ROOT', 'conj', 'prep', 'pobj', 'conj', 'Chemical']"
"['amylocaine', 'cocaine']","['Chemical', 'conj', 'Chemical']"
"['amylocaine', 'adrenaline']","['Chemical', 'conj', 'prep', 'pobj', 'Chemical']"
"['amylocaine', 'noradrenaline']","['Chemical', 'conj', 'prep', 'pobj', 'conj', 'Chemical']"
"['cocaine', 'adrenaline']","['Chemical', 'prep', 'pobj', 'Chemical']"
"['cocaine', 'noradrenaline']","['Chemical', 'prep', 'pobj', 'conj', 'Chemical']"
"['adrenaline', 'noradrenaline']","['Chemical', 'conj', 'Chemical']"
"['ephedrine', 'amylocaine']","['Chemical', 'prep', 'nsubj', 'ROOT', 'Chemical']"
"['ephedrine', 'cocaine']","['Chemical', 'prep', 'nsubj', 'ROOT', 'conj', 'Chemical']"
"['ephedrine', 'adrenaline']","['Chemical', 'prep', 'nsubj', 'ROOT', 'conj', 'prep', 'pobj', 'Chemical']"
"['amylocaine', 'cocaine']","['Chemical', 'conj', 'Chemical']"
"['amylocaine', 'adrenaline']","['Chemical', 'conj', 'prep', 'pobj', 'Chemical']"
"['cocaine', 'adrenaline']","['Chemical', 'prep', 'pobj', 'Chemical']"
"['ephedrine', 'amylocaine']","['Chemical', 'prep', 'nsubj', 'ROOT', 'Chemical']"
"['ephedrine', 'cocaine']","['Chemical', 'prep', 'nsubj', 'ROOT', 'conj', 'Chemical']"
"['amylocaine', 'cocaine']","['Chemical', 'conj', 'Chemical']"
"['ephedrine', 'amylocaine']","['Chemical', 'prep', 'nsubj', 'ROOT', 'Chemical']"
"['penicillin', 'dextrose']","['Chemical', 'compound', 'Chemical']"
"['vitamin_B12', 'fructose']","['Chemical', 'prep', 'pobj', 'amod', 'Chemical']"
"['vitamin_B12', 'fructose']","['Chemical', 'prep', 'pobj', 'amod', 'Chemical']"
"['cortisone', 'benzpyrene']","['Chemical', 'prep', 'pobj', 'compound', 'Chemical']"
"['cortisone', 'benzpyrene']","['Chemical', 'prep', 'pobj', 'compound', 'Chemical']"
"['p_carboxybenzol_sulfo_di_N_butylamide', 'penicillin']","['Chemical', 'ROOT', 'prep', 'pobj', 'prep', 'pobj', 'Chemical']"
"['sulfonamides', 'cortisone']","['Chemical', 'conj', 'conj', 'conj', 'conj', 'Chemical']"
"['sulfonamides', 'cortisone']","['Chemical', 'conj', 'conj', 'conj', 'conj', 'Chemical']"
"['Penicillin', 'gangrene']","['Chemical', 'ROOT', 'prep', 'pobj', 'Chemical']"
"['tryptophan', 'leucine']","['Chemical', 'conj', 'Chemical']"
"['tryptophan', 'valine']","['Chemical', 'conj', 'conj', 'Chemical']"
"['tryptophan', 'caseine']","['Chemical', 'prep', 'pobj', 'prep', 'pobj', 'Chemical']"
"['leucine', 'valine']","['Chemical', 'conj', 'Chemical']"
"['leucine', 'caseine']","['Chemical', 'pobj', 'prep', 'pobj', 'prep', 'pobj', 'Chemical']"
"['valine', 'caseine']","['Chemical', 'conj', 'pobj', 'prep', 'pobj', 'prep', 'pobj', 'Chemical']"
"['tryptophan', 'leucine']","['Chemical', 'conj', 'Chemical']"
"['tryptophan', 'valine']","['Chemical', 'conj', 'conj', 'Chemical']"
"['leucine', 'valine']","['Chemical', 'conj', 'Chemical']"
"['tryptophan', 'leucine']","['Chemical', 'conj', 'Chemical']"
"['saccharides', 'alcohols']","['Chemical', 'conj', 'Chemical']"
"['penicillin', 'streptomycin']","['Chemical', 'prep', 'ROOT', 'conj', 'Chemical']"
"['penicillin', 'terramycin']","['Chemical', 'prep', 'ROOT', 'conj', 'conj', 'Chemical']"
"['streptomycin', 'terramycin']","['Chemical', 'conj', 'Chemical']"
"['penicillin', 'streptomycin']","['Chemical', 'prep', 'ROOT', 'conj', 'Chemical']"
"['streptomycin', 'aureomycin']","['Chemical', 'prep', 'nsubj', 'ROOT', 'Chemical']"
"['streptomycin', 'chloramphenicol']","['Chemical', 'prep', 'nsubj', 'ROOT', 'conj', 'Chemical']"
"['aureomycin', 'chloramphenicol']","['Chemical', 'conj', 'Chemical']"
"['streptomycin', 'aureomycin']","['Chemical', 'prep', 'nsubj', 'ROOT', 'Chemical']"
"['adrenalin', 'noradrenalin']","['Chemical', 'conj', 'Chemical']"
"['adrenalin', 'noradrenalin']","['Chemical', 'conj', 'Chemical']"
"['cobaltous_chloride', 'sugar']","['Chemical', 'prep', 'ROOT', 'prep', 'pobj', 'Chemical']"
"['cobaltous_chloride', 'sugar']","['Chemical', 'prep', 'ROOT', 'prep', 'pobj', 'Chemical']"
"['histamine', 'arsenic_acid']","['Chemical', 'prep', 'ROOT', 'conj', 'Chemical']"
"['histamine', 'dichlorophenoxyacetic_acid']","['Chemical', 'prep', 'ROOT', 'conj', 'conj', 'Chemical']"
"['arsenic_acid', 'dichlorophenoxyacetic_acid']","['Chemical', 'conj', 'Chemical']"
"['histamine', 'arsenic_acid']","['Chemical', 'prep', 'ROOT', 'conj', 'Chemical']"
"['Suramin', 'suramin']","['Chemical', 'appos', 'conj', 'prep', 'pobj', 'appos', 'Chemical']"
"['Proline', 'hydroxproline']","['Chemical', 'conj', 'Chemical']"
"['lactobacillin', 'hydrogen_peroxide']","['Chemical', 'prep', 'ROOT', 'prep', 'pobj', 'Chemical']"
"['D(+)_leucine', 'glycil_L_leucine']","['Chemical', 'prep', 'ROOT', 'prep', 'pobj', 'prep', 'pobj', 'Chemical']"
"['epinephrine', 'nor_arterenol']","['Chemical', 'prep', 'pobj', 'prep', 'ROOT', 'conj', 'Chemical']"
"['epinephrine', 'nor_arterenol']","['Chemical', 'prep', 'pobj', 'prep', 'ROOT', 'conj', 'Chemical']"
"['estrogen', 'vallestril']","['Chemical', 'appos', 'Chemical']"
"['vitamin_K1', 'tromexan']","['Chemical', 'prep', 'pobj', 'prep', 'ROOT', 'prep', 'pobj', 'acl', 'agent', 'pobj', 'Chemical']"
"['vitamin_K1', 'tromexan']","['Chemical', 'prep', 'pobj', 'prep', 'ROOT', 'prep', 'pobj', 'acl', 'agent', 'pobj', 'Chemical']"
"['dicyclomine', 'bentyl']","['Chemical', 'prep', 'dep', 'appos', 'nmod', 'Chemical']"
"['dicyclomine', 'hydrochloride']","['Chemical', 'prep', 'dep', 'appos', 'Chemical']"
"['bentyl', 'hydrochloride']","['Chemical', 'appos', 'Chemical']"
"['bentyl', 'hydrochloride']","['Chemical', 'appos', 'Chemical']"
"['choline', 'cystine']","['Chemical', 'conj', 'Chemical']"
"['choline', 'methyl']","['Chemical', 'prep', 'pobj', 'compound', 'compound', 'Chemical']"
"['cystine', 'methyl']","['Chemical', 'pobj', 'prep', 'pobj', 'compound', 'compound', 'Chemical']"
"['choline', 'cystine']","['Chemical', 'conj', 'Chemical']"
"['cupric_sulfate', 'cupric_sulfate']","['Chemical', 'pobj', 'prep', 'ROOT', 'appos', 'prep', 'pobj', 'Chemical']"
"['cupric_sulfate', 'cupric_sulfate']","['Chemical', 'pobj', 'prep', 'ROOT', 'appos', 'prep', 'pobj', 'Chemical']"
"['Cortisone', 'cortisone']","['Chemical', 'ROOT', 'conj', 'prep', 'pobj', 'prep', 'pobj', 'conj', 'compound', 'Chemical']"
"['Cortisone', 'cortisone']","['Chemical', 'ROOT', 'conj', 'prep', 'pobj', 'prep', 'pobj', 'conj', 'compound', 'Chemical']"
"['vitamin_B6', 'amino_acid']","['Chemical', 'prep', 'ROOT', 'prep', 'pobj', 'amod', 'Chemical']"
"['chloramphenicol', 'propylene_glycol']","['Chemical', 'prep', 'pobj', 'Chemical']"
"['methedrine', 'sodium_amytal']","['Chemical', 'conj', 'Chemical']"
"['amino_acid', 'amino_acids']","['Chemical', 'amod', 'pobj', 'prep', 'nsubj', 'ROOT', 'Chemical']"
"['homocystine', 'choline']","['Chemical', 'conj', 'Chemical']"
"['Nitrogen', 'L__and_DL_lysine']","['Chemical', 'nsubj', 'ROOT', 'prep', 'pobj', 'Chemical']"
"['Nitrogen', 'arginine']","['Chemical', 'nsubj', 'ROOT', 'conj', 'prep', 'pobj', 'Chemical']"
"['L__and_DL_lysine', 'arginine']","['Chemical', 'prep', 'ROOT', 'conj', 'prep', 'pobj', 'Chemical']"
"['Nitrogen', 'L__and_DL_lysine']","['Chemical', 'nsubj', 'ROOT', 'prep', 'pobj', 'Chemical']"
"['Nitrogen', 'arginine']","['Chemical', 'nsubj', 'ROOT', 'conj', 'prep', 'pobj', 'Chemical']"
"['L__and_DL_lysine', 'arginine']","['Chemical', 'prep', 'ROOT', 'conj', 'prep', 'pobj', 'Chemical']"
"['Nitrogen', 'L__and_DL_lysine']","['Chemical', 'nsubj', 'ROOT', 'prep', 'pobj', 'Chemical']"
"['Methionine', 'selenium']","['Chemical', 'conj', 'Chemical']"
"['Methionine', 'selenium']","['Chemical', 'conj', 'Chemical']"
"['B_vitamins', 'cobalt']","['Chemical', 'prep', 'pobj', 'nmod', 'Chemical']"
"['B_vitamins', 'vitamin_B12']","['Chemical', 'prep', 'ROOT', 'prep', 'pobj', 'prep', 'pobj', 'Chemical']"
"['cobalt', 'vitamin_B12']","['Chemical', 'pobj', 'prep', 'pobj', 'prep', 'ROOT', 'prep', 'pobj', 'prep', 'pobj', 'Chemical']"
"['B_vitamins', 'cobalt']","['Chemical', 'prep', 'pobj', 'nmod', 'Chemical']"
"['B_vitamins', 'vitamin_B12']","['Chemical', 'prep', 'ROOT', 'prep', 'pobj', 'prep', 'pobj', 'Chemical']"
"['cobalt', 'vitamin_B12']","['Chemical', 'pobj', 'prep', 'pobj', 'prep', 'ROOT', 'prep', 'pobj', 'prep', 'pobj', 'Chemical']"
"['B_vitamins', 'cobalt']","['Chemical', 'prep', 'pobj', 'nmod', 'Chemical']"
"['terramycin', 'certain_phenylarsonic_acid']","['Chemical', 'prep', 'ROOT', 'conj', 'Chemical']"
"['terramycin', 'certain_phenylarsonic_acid']","['Chemical', 'prep', 'ROOT', 'conj', 'Chemical']"
"['terramycin', 'certain_phenylarsonic_acid']","['Chemical', 'prep', 'ROOT', 'conj', 'Chemical']"
"['alcohol', 'tetraethylthiuramdisulphide']","['Chemical', 'prep', 'nsubj', 'prep', 'pobj', 'conj', 'Chemical']"
"['phenacetylurea', 'phenurone']","['Chemical', 'appos', 'Chemical']"
"['barbiturate', 'tetraethylthiuram_disulphide']","['Chemical', 'pobj', 'prep', 'dobj', 'prep', 'pobj', 'Chemical']"
"['hydrocyanic_acid', 'chlorodyne']","['Chemical', 'pobj', 'prep', 'pobj', 'Chemical']"
"['ascaridole', 'chenopodium']","['Chemical', 'prep', 'pobj', 'prep', 'pobj', 'Chemical']"
"['ascaridole', 'chenopodium']","['Chemical', 'prep', 'conj', 'pobj', 'prep', 'pobj', 'prep', 'pobj', 'Chemical']"
"['chenopodium', 'chenopodium']","['Chemical', 'prep', 'pobj', 'prep', 'conj', 'pobj', 'prep', 'pobj', 'prep', 'pobj', 'Chemical']"
"['ascaridole', 'chenopodium']","['Chemical', 'prep', 'pobj', 'prep', 'pobj', 'Chemical']"
"['Digitalis_glycosides', 'chloroform']","['Chemical', 'conj', 'prep', 'pobj', 'amod', 'npadvmod', 'Chemical']"
"['Digitalis_glycosides', 'digitalis']","['Chemical', 'conj', 'prep', 'pobj', 'prep', 'pobj', 'Chemical']"
"['chloroform', 'digitalis']","['Chemical', 'amod', 'pobj', 'prep', 'pobj', 'Chemical']"
"['Digitalis_glycosides', 'digitalis']","['Chemical', 'conj', 'prep', 'pobj', 'prep', 'pobj', 'Chemical']"
"['Neovitamin_A', 'vitamin_A_alcohol']","['Chemical', 'conj', 'Chemical']"
"['Neovitamin_A', 'vitamin_A']","['Chemical', 'conj', 'advmod', 'Chemical']"
"['vitamin_A_alcohol', 'vitamin_A']","['Chemical', 'ROOT', 'conj', 'advmod', 'Chemical']"
"['Neovitamin_A', 'vitamin_A_alcohol']","['Chemical', 'conj', 'Chemical']"
"['dimercaprol', '2:3_dimercaptopropanol']","['Chemical', 'appos', 'Chemical']"
"['dimercaprol', '2:3_dimercaptopropanol']","['Chemical', 'appos', 'Chemical']"
"['sodium', 'potassium']","['Chemical', 'conj', 'Chemical']"
"['adrenaline', 'noradrenaline']","['Chemical', 'prep', 'ROOT', 'conj', 'Chemical']"
"['adrenaline', 'noradrenaline']","['Chemical', 'prep', 'ROOT', 'conj', 'Chemical']"
"['adrenaline', 'noradrenaline']","['Chemical', 'prep', 'ROOT', 'conj', 'Chemical']"
"['adrenaline', 'antihistamine']","['Chemical', 'conj', 'Chemical']"
"['adrenaline', 'ethyleneimine']","['Chemical', 'ROOT', 'prep', 'pobj', 'Chemical']"
"['antihistamine', 'ethyleneimine']","['Chemical', 'amod', 'ROOT', 'prep', 'pobj', 'Chemical']"
"['adrenaline', 'antihistamine']","['Chemical', 'conj', 'Chemical']"
"['adrenaline', 'noradrenaline']","['Chemical', 'conj', 'Chemical']"
"['adrenaline', 'noradrenaline']","['Chemical', 'conj', 'Chemical']"
"['choline_aryl_ethers', 'amine']","['Chemical', 'prep', 'pobj', 'prep', 'pobj', 'amod', 'Chemical']"
"['potassium', 'tetraphenylborate']","['Chemical', 'prep', 'ROOT', 'prep', 'pobj', 'Chemical']"
"['isonicotinic_acid_hydrazide', 'histamine']","['Chemical', 'prep', 'ROOT', 'prep', 'pobj', 'compound', 'Chemical']"
"['Ammonium', 'potassium']","['Chemical', 'conj', 'Chemical']"
"['Ammonium', 'potassium']","['Chemical', 'conj', 'Chemical']"
"['Wi', 'Ni']","['Chemical', 'amod', 'compound', 'Chemical']"
"['carbon_dioxide', 'lactic_acid']","['Chemical', 'conj', 'Chemical']"
"['carbon_dioxide', 'lactic_acid']","['Chemical', 'conj', 'Chemical']"
"['dinitrophenols', 'organophosphorus']","['Chemical', 'conj', 'Chemical']"
"['Sulphone', 'sulphone']","['Chemical', 'ROOT', 'prep', 'pobj', 'prep', 'pobj', 'prep', 'pobj', 'compound', 'Chemical']"
"['iodine', 'choline']","['Chemical', 'amod', 'conj', 'pobj', 'Chemical']"
"['ethyl_alcohol', 'alcohol']","['Chemical', 'prep', 'ROOT', 'prep', 'pobj', 'conj', 'conj', 'prep', 'pobj', 'Chemical']"
"['ethyl_alcohol', 'alcohol']","['Chemical', 'prep', 'ROOT', 'prep', 'pobj', 'conj', 'conj', 'prep', 'pobj', 'Chemical']"
"['testosterone_propionate', 'vitamin_D2']","['Chemical', 'prep', 'ROOT', 'conj', 'Chemical']"
"['testosterone_propionate', 'vitamin_D2']","['Chemical', 'prep', 'ROOT', 'conj', 'Chemical']"
"['khellin', 'aminophylline']","['Chemical', 'conj', 'Chemical']"
"['khellin', 'papaverine']","['Chemical', 'conj', 'conj', 'Chemical']"
"['aminophylline', 'papaverine']","['Chemical', 'conj', 'Chemical']"
"['khellin', 'aminophylline']","['Chemical', 'conj', 'Chemical']"
"['khellin', 'papaverine']","['Chemical', 'conj', 'conj', 'Chemical']"
"['aminophylline', 'papaverine']","['Chemical', 'conj', 'Chemical']"
"['khellin', 'aminophylline']","['Chemical', 'conj', 'Chemical']"
"['pyramidon', 'cortisone']","['Chemical', 'prep', 'nsubj', 'ROOT', 'prep', 'pobj', 'Chemical']"
"['streptomycin', 'solvoteben']","['Chemical', 'conj', 'Chemical']"
"['plenosol', 'urethane']","['Chemical', 'conj', 'Chemical']"
"['plenosol', 'urethane']","['Chemical', 'conj', 'Chemical']"
"['lactose', 'glucose']","['Chemical', 'conj', 'Chemical']"
"['lactose', 'galactose']","['Chemical', 'conj', 'conj', 'Chemical']"
"['glucose', 'galactose']","['Chemical', 'conj', 'Chemical']"
"['lactose', 'glucose']","['Chemical', 'conj', 'Chemical']"
"['lactose', 'galactose']","['Chemical', 'conj', 'conj', 'Chemical']"
"['glucose', 'galactose']","['Chemical', 'conj', 'Chemical']"
"['lactose', 'glucose']","['Chemical', 'conj', 'Chemical']"
"['Chloramphenicol', 'aureomycin']","['Chemical', 'ROOT', 'punct', 'intj', 'Chemical']"
"['Chloramphenicol', 'terramycin']","['Chemical', 'ROOT', 'Chemical']"
"['aureomycin', 'terramycin']","['Chemical', 'punct', 'ROOT', 'Chemical']"
"['Chloramphenicol', 'aureomycin']","['Chemical', 'ROOT', 'punct', 'intj', 'Chemical']"
"['monoethanol', 'nicotinate']","['Chemical', 'pobj', 'Chemical']"
"['monoethanol', 'nicotinate']","['Chemical', 'pobj', 'Chemical']"
"['phosphorus', 'potassium']","['Chemical', 'conj', 'Chemical']"
"['phosphorus', 'potassium']","['Chemical', 'conj', 'Chemical']"
"['cortisone', 'streptomycin']","['Chemical', 'conj', 'Chemical']"
"['cortisone', 'cortisone']","['Chemical', 'conj', 'conj', 'amod', 'Chemical']"
"['cortisone', 'streptomycin']","['Chemical', 'conj', 'conj', 'Chemical']"
"['streptomycin', 'cortisone']","['Chemical', 'conj', 'amod', 'Chemical']"
"['streptomycin', 'streptomycin']","['Chemical', 'conj', 'Chemical']"
"['cortisone', 'streptomycin']","['Chemical', 'conj', 'Chemical']"
"['cortisone', 'cortisone']","['Chemical', 'conj', 'conj', 'amod', 'Chemical']"
"['cortisone', 'streptomycin']","['Chemical', 'conj', 'conj', 'Chemical']"
"['streptomycin', 'cortisone']","['Chemical', 'conj', 'amod', 'Chemical']"
"['streptomycin', 'streptomycin']","['Chemical', 'conj', 'Chemical']"
"['cortisone', 'streptomycin']","['Chemical', 'conj', 'Chemical']"
"['cortisone', 'cortisone']","['Chemical', 'conj', 'conj', 'amod', 'Chemical']"
"['cortisone', 'streptomycin']","['Chemical', 'conj', 'conj', 'Chemical']"
"['streptomycin', 'cortisone']","['Chemical', 'conj', 'amod', 'Chemical']"
"['streptomycin', 'streptomycin']","['Chemical', 'conj', 'Chemical']"
"['cortisone', 'streptomycin']","['Chemical', 'conj', 'Chemical']"
"['cortisone', 'cortisone']","['Chemical', 'conj', 'conj', 'amod', 'Chemical']"
"['streptomycin', 'cortisone']","['Chemical', 'conj', 'amod', 'Chemical']"
"['cortisone', 'streptomycin']","['Chemical', 'conj', 'Chemical']"
"['streptomycin', 'viomycin']","['Chemical', 'conj', 'Chemical']"
"['streptomycin', 'viomycin']","['Chemical', 'conj', 'Chemical']"
"['Aminopterin', 'folic_acid']","['Chemical', 'prep', 'pobj', 'prep', 'pobj', 'conj', 'appos', 'Chemical']"
"['Aminopterin', 'folic_acid']","['Chemical', 'prep', 'pobj', 'prep', 'pobj', 'conj', 'appos', 'Chemical']"
"['dicoumarin', 'vitamin_K2']","['Chemical', 'amod', 'dep', 'ROOT', 'amod', 'pobj', 'compound', 'Chemical']"
"['dicoumarin', 'vitamin_K1']","['Chemical', 'amod', 'dep', 'ROOT', 'amod', 'pobj', 'prep', 'pobj', 'Chemical']"
"['vitamin_K2', 'vitamin_K1']","['Chemical', 'pobj', 'prep', 'pobj', 'Chemical']"
"['dicoumarin', 'vitamin_K2']","['Chemical', 'amod', 'dep', 'ROOT', 'amod', 'pobj', 'compound', 'Chemical']"
"['dicoumarin', 'vitamin_K1']","['Chemical', 'amod', 'dep', 'ROOT', 'amod', 'pobj', 'prep', 'pobj', 'Chemical']"
"['vitamin_K2', 'vitamin_K1']","['Chemical', 'pobj', 'prep', 'pobj', 'Chemical']"
"['dicoumarin', 'vitamin_K2']","['Chemical', 'amod', 'dep', 'ROOT', 'amod', 'pobj', 'compound', 'Chemical']"
"['succinylcholine_chloride', 'scoline']","['Chemical', 'appos', 'Chemical']"
"['Sulfadimetine', 'sulfonamide']","['Chemical', 'appos', 'Chemical']"
"['Sulfadimetine', 'sulfonamide']","['Chemical', 'appos', 'Chemical']"
"['platinum', 'palladium']","['Chemical', 'conj', 'Chemical']"
"['Thiamine', 'thiamine']","['Chemical', 'prep', 'prep', 'pobj', 'prep', 'pobj', 'prep', 'pcomp', 'dobj', 'Chemical']"
"['Thiamine', 'thiamine']","['Chemical', 'prep', 'prep', 'pobj', 'prep', 'pobj', 'prep', 'pcomp', 'dobj', 'Chemical']"
"['sugar', 'hexosamine']","['Chemical', 'pobj', 'prep', 'pobj', 'amod', 'npadvmod', 'Chemical']"
"['sugar', 'carbohydrates']","['Chemical', 'pobj', 'prep', 'pobj', 'Chemical']"
"['sugar', 'acetic_acid']","['Chemical', 'pobj', 'prep', 'pobj', 'prep', 'conj', 'pobj', 'amod', 'advmod', 'Chemical']"
"['hexosamine', 'carbohydrates']","['Chemical', 'amod', 'pobj', 'Chemical']"
"['hexosamine', 'acetic_acid']","['Chemical', 'amod', 'pobj', 'prep', 'conj', 'pobj', 'amod', 'advmod', 'Chemical']"
"['carbohydrates', 'acetic_acid']","['Chemical', 'prep', 'conj', 'pobj', 'amod', 'advmod', 'Chemical']"
