"['stomach_fistula', 'via_mouth']","['Disease', 'prep', 'ROOT', 'npadvmod', 'Disease']"
"['Coronary_disease', 'deafness']","['Disease', 'conj', 'prep', 'pobj', 'conj', 'Disease']"
"['Teschen_disease', 'virus_encephalomyelitis']","['Disease', 'prep', 'ROOT', 'appos', 'Disease']"
"['Teschen_disease', 'virus_encephalomyelitis']","['Disease', 'prep', 'ROOT', 'appos', 'Disease']"
"['Vesicovaginal_fistula', 'rectovaginal_fistula']","['Disease', 'prep', 'pobj', 'prep', 'pobj', 'amod', 'prep', 'pobj', 'nmod', 'Disease']"
"['Congenital_syphilis', 'painful_joints']","['Disease', 'conj', 'prep', 'pobj', 'prep', 'pobj', 'Disease']"
"['Bilateral_pyelitis', 'ureteritis_cystica']","['Disease', 'ROOT', 'conj', 'Disease']"
"['rheumatic_fever', 'carditis']","['Disease', 'prep', 'ROOT', 'prep', 'pobj', 'Disease']"
"['tumor', 'carcinoma_of_the_rectum']","['Disease', 'conj', 'conj', 'Disease']"
"['Trauma', 'vasospasm']","['Disease', 'conj', 'Disease']"
"['bilateral_paralysis', 'thyroid_gland']","['Disease', 'prep', 'pobj', 'acl', 'dobj', 'conj', 'prep', 'pobj', 'Disease']"
"['Virus_infection', 'congenital_malformation']","['Disease', 'prep', 'pobj', 'prep', 'pobj', 'Disease']"
"['Diabetic_retinopathy', 'diabetes']","['Disease', 'prep', 'pobj', 'prep', 'pobj', 'Disease']"
"['psychiatric_disorders', 'tetany']","['Disease', 'acl', 'prep', 'pobj', 'Disease']"
"['Arthritis', 'Rheumatism']","['Disease', 'conj', 'compound', 'Disease']"
"['life_stress', 'diabetes_mellitus']","['Disease', 'acl', 'prep', 'pobj', 'Disease']"
"[""Marfan's_syndrome"", 'arachnodactyly']","['Disease', 'advmod', 'Disease']"
"['tumor', 'tumor']","['Disease', 'pobj', 'prep', 'pobj', 'prep', 'ROOT', 'prep', 'pobj', 'prep', 'pobj', 'prep', 'pobj', 'prep', 'pobj', 'amod', 'conj', 'Disease']"
"['Cerebral_hemorrhage', 'hyperergic_angiitis']","['Disease', 'prep', 'pobj', 'Disease']"
"['encephalomalacia', 'cavity']","['Disease', 'prep', 'pobj', 'compound', 'Disease']"
"['encephalomalacia', 'cavity']","['Disease', 'prep', 'pobj', 'compound', 'Disease']"
"['Parovarian_carcinoma', 'tumour']","['Disease', 'appos', 'Disease']"
"['carcinoma_of_the_fallopian_tube', 'tuberculous_salpingitis']","['Disease', 'prep', 'ROOT', 'acl', 'prep', 'pobj', 'Disease']"
"['coronary_artery_thrombosis', 'cerebral_embolism']","['Disease', 'conj', 'Disease']"
"['Diabetic', 'diabetic']","['Disease', 'compound', 'ROOT', 'prep', 'pobj', 'amod', 'Disease']"
"['Diabetic', 'diabetic']","['Disease', 'compound', 'ROOT', 'prep', 'pobj', 'amod', 'Disease']"
"['tumours', 'tumour']","['Disease', 'prep', 'pobj', 'prep', 'pobj', 'prep', 'pobj', 'Disease']"
"['tumours', 'hidradenoma']","['Disease', 'prep', 'pobj', 'prep', 'pobj', 'prep', 'pobj', 'conj', 'prep', 'pobj', 'Disease']"
"['tumour', 'hidradenoma']","['Disease', 'conj', 'prep', 'pobj', 'Disease']"
"['tumours', 'tumour']","['Disease', 'prep', 'pobj', 'prep', 'pobj', 'prep', 'pobj', 'Disease']"
"['tumours', 'hidradenoma']","['Disease', 'prep', 'pobj', 'prep', 'pobj', 'prep', 'pobj', 'conj', 'prep', 'pobj', 'Disease']"
"['tumour', 'hidradenoma']","['Disease', 'conj', 'prep', 'pobj', 'Disease']"
"['tumour', 'hidradenoma']","['Disease', 'conj', 'prep', 'pobj', 'Disease']"
"['tumour', 'salivary_gland']","['Disease', 'prep', 'pobj', 'Disease']"
"['tumour', 'tumour']","['Disease', 'acl', 'prep', 'pobj', 'prep', 'pobj', 'compound', 'Disease']"
"['salivary_gland', 'tumour']","['Disease', 'prep', 'ROOT', 'acl', 'prep', 'pobj', 'prep', 'pobj', 'compound', 'Disease']"
"['salivary_gland', 'tumour']","['Disease', 'prep', 'ROOT', 'acl', 'prep', 'pobj', 'prep', 'pobj', 'compound', 'Disease']"
"['Congenital_pulmonary_stenosis', 'cyanosis']","['Disease', 'prep', 'pobj', 'Disease']"
"['eosinophilia', 'parasitis_infections']","['Disease', 'prep', 'pobj', 'Disease']"
"['trachea', 'carcinoma']","['Disease', 'prep', 'pobj', 'Disease']"
"['Hemopericardium', 'constrictive_pericarditis']","['Disease', 'conj', 'Disease']"
"['Obstructive_pneumonitis', 'bronchial_adenoma']","['Disease', 'amod', 'prep', 'pobj', 'Disease']"
"['Adenocarcinoma', 'bronchial_adenoma']","['Disease', 'acl', 'prep', 'pobj', 'Disease']"
"['Hematuria', 'sickle_cell_disease']","['Disease', 'prep', 'pobj', 'Disease']"
"['Giant_condylomata', 'carcinoma']","['Disease', 'ROOT', 'conj', 'amod', 'npadvmod', 'Disease']"
"['Giant_condylomata', 'condylomata']","['Disease', 'ROOT', 'conj', 'Disease']"
"['Giant_condylomata', 'Buschke_Loewenstein_tumors']","['Disease', 'ROOT', 'conj', 'conj', 'Disease']"
"['carcinoma', 'condylomata']","['Disease', 'amod', 'conj', 'Disease']"
"['carcinoma', 'Buschke_Loewenstein_tumors']","['Disease', 'amod', 'conj', 'conj', 'Disease']"
"['condylomata', 'Buschke_Loewenstein_tumors']","['Disease', 'conj', 'Disease']"
"['carcinoma', 'condylomata']","['Disease', 'amod', 'conj', 'Disease']"
"['carcinoma', 'Buschke_Loewenstein_tumors']","['Disease', 'amod', 'conj', 'conj', 'Disease']"
"['condylomata', 'Buschke_Loewenstein_tumors']","['Disease', 'conj', 'Disease']"
"['carcinoma', 'Buschke_Loewenstein_tumors']","['Disease', 'amod', 'conj', 'conj', 'Disease']"
"['pain', 'hypertension']","['Disease', 'conj', 'Disease']"
"['rupture_of_the_liver', 'cholecystitis']","['Disease', 'prep', 'ROOT', 'acl', 'dobj', 'Disease']"
"['bronchial_cylindromas', 'adenomas']","['Disease', 'conj', 'Disease']"
"['Macrophthalmia', 'glaucoma']","['Disease', 'appos', 'prep', 'pobj', 'Disease']"
"['osteosclerosis', 'blood_diseases']","['Disease', 'prep', 'ROOT', 'prep', 'pobj', 'Disease']"
"['rheumatism', 'bronchial_asthma']","['Disease', 'conj', 'Disease']"
"['paralysis', 'postoperative_complication']","['Disease', 'conj', 'prep', 'pobj', 'Disease']"
"['tuberculosis', 'renal_tuberculosis']","['Disease', 'prep', 'pobj', 'prep', 'intj', 'punct', 'ROOT', 'prep', 'pobj', 'prep', 'pobj', 'Disease']"
"['elephantiasis_syndrome', 'lymphangiectasis']","['Disease', 'prep', 'pobj', 'prep', 'dep', 'appos', 'Disease']"
"['elephantiasis_syndrome', 'lymphangitis']","['Disease', 'prep', 'pobj', 'prep', 'dep', 'ROOT', 'dep', 'Disease']"
"['elephantiasis_syndrome', 'lymphatic_venous_lesions']","['Disease', 'prep', 'pobj', 'prep', 'dep', 'ROOT', 'Disease']"
"['lymphangiectasis', 'lymphangitis']","['Disease', 'dep', 'ROOT', 'dep', 'Disease']"
"['lymphangiectasis', 'lymphatic_venous_lesions']","['Disease', 'dep', 'ROOT', 'Disease']"
"['lymphangitis', 'lymphatic_venous_lesions']","['Disease', 'ROOT', 'Disease']"
"['elephantiasis_syndrome', 'lymphangiectasis']","['Disease', 'prep', 'pobj', 'prep', 'dep', 'appos', 'Disease']"
"['elephantiasis_syndrome', 'lymphatic_venous_lesions']","['Disease', 'prep', 'pobj', 'prep', 'dep', 'ROOT', 'Disease']"
"['lymphangiectasis', 'lymphatic_venous_lesions']","['Disease', 'dep', 'ROOT', 'Disease']"
"['elephantiasis_syndrome', 'lymphangiectasis']","['Disease', 'prep', 'pobj', 'prep', 'dep', 'appos', 'Disease']"
"['Coeliac_syndrome', 'tuberculous_enteritis']","['Disease', 'prep', 'pobj', 'Disease']"
"['Brachial_neuritis', 'thoracic_outlet_syndrome']","['Disease', 'ROOT', 'Disease']"
"['venous_angioma', 'hemiplegia']","['Disease', 'prep', 'ROOT', 'acl', 'dobj', 'Disease']"
"['Bilateral_cystic_ovaries', ""Stein's_syndrome""]","['Disease', 'appos', 'Disease']"
"['Pneumonia', 'endemic_typhus']","['Disease', 'conj', 'Disease']"
"['ears_diseases', 'influenza']","['Disease', 'prep', 'pobj', 'Disease']"
"['pain', 'peripheral_vascular_disease']","['Disease', 'prep', 'ROOT', 'acl', 'agent', 'pobj', 'Disease']"
"['Neurotic_diabetes_insipidus', 'polydipsia']","['Disease', 'appos', 'Disease']"
"['Shoulder_hand_syndrome', 'heart_disease']","['Disease', 'prep', 'pobj', 'Disease']"
"['hypochromic_anemia', 'tuberculosis']","['Disease', 'prep', 'ROOT', 'prep', 'pobj', 'Disease']"
"['hypertension', 'hypertension']","['Disease', 'prep', 'ROOT', 'conj', 'Disease']"
"['hypertension', 'perinephritis']","['Disease', 'prep', 'ROOT', 'conj', 'acl', 'agent', 'pobj', 'Disease']"
"['hypertension', 'perinephritis']","['Disease', 'acl', 'agent', 'pobj', 'Disease']"
"['hypertension', 'hypertension']","['Disease', 'prep', 'ROOT', 'conj', 'Disease']"
"['hypertension', 'perinephritis']","['Disease', 'prep', 'ROOT', 'conj', 'acl', 'agent', 'pobj', 'Disease']"
"['hypertension', 'perinephritis']","['Disease', 'acl', 'agent', 'pobj', 'Disease']"
"['hypertension', 'perinephritis']","['Disease', 'acl', 'agent', 'pobj', 'Disease']"
"['eclampsia', 'pre_eclampsia']","['Disease', 'conj', 'Disease']"
"['Brain_injury', 'fracture']","['Disease', 'prep', 'pobj', 'prep', 'pobj', 'Disease']"
"['Correction_of_orthopedic_deformities', 'rheumatoid_arthritis']","['Disease', 'prep', 'pobj', 'Disease']"
"['mastoiditis', 'toxicosis']","['Disease', 'conj', 'Disease']"
"['mastoiditis', 'toxicosis']","['Disease', 'conj', 'Disease']"
"['Hypothalamic_lesion', 'hypothermia']","['Disease', 'prep', 'pobj', 'Disease']"
"['Hypothalamic_lesion', 'extensive_endocrine_dysfunction']","['Disease', 'prep', 'pobj', 'conj', 'Disease']"
"['hypothermia', 'extensive_endocrine_dysfunction']","['Disease', 'conj', 'Disease']"
"['Hypothalamic_lesion', 'hypothermia']","['Disease', 'prep', 'pobj', 'Disease']"
"['Hepatic_hypoglycemia', 'congestive_heart_failure']","['Disease', 'conj', 'prep', 'pobj', 'Disease']"
"['carcinoma', 'metastases']","['Disease', 'prep', 'pobj', 'Disease']"
"['pancreatitis', 'fibrosis']","['Disease', 'appos', 'prep', 'pobj', 'nmod', 'Disease']"
"['pancreatitis', 'abscess']","['Disease', 'appos', 'prep', 'pobj', 'nmod', 'conj', 'Disease']"
"['pancreatitis', 'hemochromatosis']","['Disease', 'conj', 'Disease']"
"['fibrosis', 'abscess']","['Disease', 'conj', 'Disease']"
"['fibrosis', 'hemochromatosis']","['Disease', 'pobj', 'prep', 'appos', 'appos', 'conj', 'Disease']"
"['abscess', 'hemochromatosis']","['Disease', 'nmod', 'pobj', 'prep', 'appos', 'appos', 'conj', 'Disease']"
"['pancreatitis', 'fibrosis']","['Disease', 'appos', 'prep', 'pobj', 'nmod', 'Disease']"
"['pancreatitis', 'abscess']","['Disease', 'appos', 'prep', 'pobj', 'nmod', 'conj', 'Disease']"
"['fibrosis', 'abscess']","['Disease', 'conj', 'Disease']"
"['fibrosis', 'abscess']","['Disease', 'conj', 'Disease']"
"['Mitral_stenosis', 'congestive_heart_failure']","['Disease', 'prep', 'pobj', 'Disease']"
"['Mitral_stenosis', 'auricular_fibrillation']","['Disease', 'prep', 'pobj', 'conj', 'Disease']"
"['congestive_heart_failure', 'auricular_fibrillation']","['Disease', 'conj', 'Disease']"
"['congestive_heart_failure', 'auricular_fibrillation']","['Disease', 'conj', 'Disease']"
"['adenocarcinoma', 'primary_lesion']","['Disease', 'ROOT', 'prep', 'prep', 'pobj', 'Disease']"
"['cardiac_dilatation', 'hypertrophy']","['Disease', 'conj', 'Disease']"
"['cardiac_dilatation', 'endocardial_fibrosis']","['Disease', 'ROOT', 'appos', 'Disease']"
"['hypertrophy', 'endocardial_fibrosis']","['Disease', 'conj', 'ROOT', 'appos', 'Disease']"
"['cardiac_dilatation', 'endocardial_fibrosis']","['Disease', 'ROOT', 'appos', 'Disease']"
"['Coma', 'infectious_mononucleosis']","['Disease', 'prep', 'pobj', 'Disease']"
"['malignant_lymphoma', 'mediastinum']","['Disease', 'appos', 'prep', 'pobj', 'Disease']"
"['coronary_atherosclerosis', 'sudden_death']","['Disease', 'prep', 'pobj', 'Disease']"
"['suppurative_pericarditis', 'cardiac_tamponade']","['Disease', 'acl', 'prep', 'pobj', 'Disease']"
"['suppurative_pericarditis', 'rupture']","['Disease', 'acl', 'appos', 'Disease']"
"['cardiac_tamponade', 'rupture']","['Disease', 'prep', 'acl', 'appos', 'Disease']"
"['cardiac_tamponade', 'rupture']","['Disease', 'prep', 'acl', 'appos', 'Disease']"
"['atopic_eczema', 'neurodermatitis']","['Disease', 'prep', 'ROOT', 'appos', 'Disease']"
"['lymphomas', 'allied_diseases']","['Disease', 'conj', 'Disease']"
"['Herpes_zoster', 'rheumatoid_arthritis']","['Disease', 'prep', 'pobj', 'prep', 'pobj', 'Disease']"
"['Herpes_zoster', 'rheumatoid_arthritis']","['Disease', 'prep', 'pobj', 'prep', 'pobj', 'Disease']"
"['Seminoma', 'incarcerated_hernia']","['Disease', 'ROOT', 'dobj', 'Disease']"
"['allergy', 'diabetic_ketosis']","['Disease', 'prep', 'pobj', 'prep', 'appos', 'acl', 'dobj', 'Disease']"
"['allergy', 'diabetic_ketosis']","['Disease', 'prep', 'pobj', 'prep', 'appos', 'acl', 'dobj', 'Disease']"
"['allergy', 'diabetic_ketosis']","['Disease', 'prep', 'pobj', 'prep', 'appos', 'acl', 'dobj', 'Disease']"
"['osteoarthritis', 'degenerative_joint_disease']","['Disease', 'appos', 'Disease']"
"['Polycystic_disease_of_the_liver', 'gastrointestinal_hemorrhage']","['Disease', 'attr', 'prep', 'pobj', 'Disease']"
"['Food_poisoning', 'carbon_monoxide_poisoning']","['Disease', 'conj', 'Disease']"
"['ventricular_tachycardia', 'infarction']","['Disease', 'acl', 'agent', 'pobj', 'Disease']"
"['Spontaneous_epistaxis', 'atelectasis']","['Disease', 'ROOT', 'Disease']"
"['Retinopathy', 'prematurity']","['Disease', 'prep', 'pobj', 'Disease']"
"['Acrodynia', 'pink_disease']","['Disease', 'appos', 'Disease']"
"['Acrodynia', 'allergy']","['Disease', 'appos', 'acl', 'agent', 'pobj', 'Disease']"
"['pink_disease', 'allergy']","['Disease', 'acl', 'agent', 'pobj', 'Disease']"
"['Acrodynia', 'pink_disease']","['Disease', 'appos', 'Disease']"
"['diabetes', 'diabetic']","['Disease', 'prep', 'conj', 'pobj', 'prep', 'pobj', 'amod', 'Disease']"
"['diabetes', 'diabetic']","['Disease', 'prep', 'conj', 'pobj', 'prep', 'pobj', 'amod', 'Disease']"
"['Gastrointestinal_diverticula', 'diverticulosis']","['Disease', 'prep', 'pobj', 'prep', 'pobj', 'Disease']"
"['Gastrointestinal_diverticula', 'diverticulitis']","['Disease', 'prep', 'pobj', 'prep', 'pobj', 'conj', 'Disease']"
"['diverticulosis', 'diverticulitis']","['Disease', 'conj', 'Disease']"
"['Gastrointestinal_diverticula', 'diverticulitis']","['Disease', 'prep', 'pobj', 'prep', 'pobj', 'conj', 'Disease']"
"['arteriosclerosis', 'hypotensive']","['Disease', 'prep', 'ROOT', 'conj', 'amod', 'Disease']"
"['edema', 'hemorrhage']","['Disease', 'conj', 'Disease']"
"['edema', 'hemorrhage']","['Disease', 'conj', 'Disease']"
"['alveolitis', 'catarrh']","['Disease', 'conj', 'Disease']"
"['alveolitis', 'bronchopneumonia']","['Disease', 'conj', 'conj', 'Chemical', 'Disease']"
"['catarrh', 'bronchopneumonia']","['Disease', 'conj', 'Chemical', 'Disease']"
"['alveolitis', 'catarrh']","['Disease', 'conj', 'Disease']"
"['CHOLESTEROL', 'hyperthyroidism']","['Disease', 'prep', 'pobj', 'Disease']"
"['CHOLESTEROL', 'hypothyroidism']","['Disease', 'prep', 'pobj', 'conj', 'Disease']"
"['hyperthyroidism', 'hypothyroidism']","['Disease', 'conj', 'Disease']"
"['CHOLESTEROL', 'hyperthyroidism']","['Disease', 'prep', 'pobj', 'Disease']"
"['focal_infection', 'removal_of_focal_teeth_infections']","['Disease', 'acl', 'dep', 'ROOT', 'prep', 'pobj', 'Disease']"
"['Vascular_lesions', 'diabetes_mellitus']","['Disease', 'prep', 'pobj', 'Disease']"
"['Vascular_lesions', 'atherosclerosis']","['Disease', 'prep', 'pobj', 'appos', 'appos', 'prep', 'pobj', 'Disease']"
"['diabetes_mellitus', 'atherosclerosis']","['Disease', 'appos', 'appos', 'prep', 'pobj', 'Disease']"
"['Vascular_lesions', 'diabetes_mellitus']","['Disease', 'prep', 'pobj', 'Disease']"
"['carcinoma', 'disease_of_bone']","['Disease', 'appos', 'Disease']"
"['maxillofacial_injuries', 'head_injuries']","['Disease', 'conj', 'Disease']"
"['Oral_lesions', 'erythema_multiforme']","['Disease', 'prep', 'pobj', 'Disease']"
"['Tumor', 'endocarditis_lenta']","['Disease', 'ROOT', 'advmod', 'Disease']"
"['Tumor', 'kidney_sarcoma']","['Disease', 'ROOT', 'conj', 'Disease']"
"['Tumor', 'metastasis']","['Disease', 'ROOT', 'conj', 'prep', 'pobj', 'Disease']"
"['endocarditis_lenta', 'kidney_sarcoma']","['Disease', 'ROOT', 'conj', 'Disease']"
"['endocarditis_lenta', 'metastasis']","['Disease', 'ROOT', 'conj', 'prep', 'pobj', 'Disease']"
"['kidney_sarcoma', 'metastasis']","['Disease', 'prep', 'pobj', 'Disease']"
"['Tumor', 'endocarditis_lenta']","['Disease', 'ROOT', 'advmod', 'Disease']"
"['Tumor', 'kidney_sarcoma']","['Disease', 'ROOT', 'conj', 'Disease']"
"['endocarditis_lenta', 'kidney_sarcoma']","['Disease', 'ROOT', 'conj', 'Disease']"
"['Tumor', 'kidney_sarcoma']","['Disease', 'ROOT', 'conj', 'Disease']"
"['phlyctenular_ophthalmia', 'tuberculosis']","['Disease', 'prep', 'ROOT', 'prep', 'pobj', 'Disease']"
"['diarrhea', 'dyspepsia']","['Disease', 'acl', 'agent', 'pobj', 'compound', 'Disease']"
"['Hypertensive_disease', 'arteriosclerosis']","['Disease', 'conj', 'Disease']"
"['periodontal_diseases', 'bruxism']","['Disease', 'acl', 'agent', 'pobj', 'Disease']"
"['Diabetic_syndrome', 'intracranial_hemorrhage']","['Disease', 'prep', 'pobj', 'Disease']"
"['renal_injury', 'choline_deficiency']","['Disease', 'prep', 'ROOT', 'prep', 'pobj', 'Disease']"
"['poliomyelitis', 'infection']","['Disease', 'prep', 'pobj', 'prep', 'ROOT', 'prep', 'pobj', 'Disease']"
"['poliomyelitis', 'infection']","['Disease', 'prep', 'pobj', 'prep', 'ROOT', 'prep', 'pobj', 'Disease']"
"['Congenital_defects_of_the_kidney', 'abdominal_pain']","['Disease', 'prep', 'pobj', 'Disease']"
"['allergy', 'infectious_diarrhea_of_infancy']","['Disease', 'prep', 'ROOT', 'prep', 'pobj', 'Disease']"
"['Acromegaly', 'laryngeal_obstruction']","['Disease', 'acl', 'prep', 'pobj', 'Disease']"
"['hypertension', 'adrenal_pheochromocytoma']","['Disease', 'acl', 'agent', 'pobj', 'Disease']"
"['mental_disease', 'mental_disease']","['Disease', 'prep', 'ROOT', 'appos', 'prep', 'pobj', 'prep', 'pobj', 'prep', 'pobj', 'prep', 'pobj', 'Disease']"
"['Gargoylism', ""Hurler's_disease""]","['Disease', 'appos', 'Disease']"
"['Breast_carcinoma', 'thyroid_disease']","['Disease', 'ROOT', 'appos', 'prep', 'pobj', 'Disease']"
"['Breast_carcinoma', 'diabetes']","['Disease', 'ROOT', 'appos', 'prep', 'pobj', 'conj', 'Disease']"
"['thyroid_disease', 'diabetes']","['Disease', 'conj', 'Disease']"
"['Breast_carcinoma', 'thyroid_disease']","['Disease', 'ROOT', 'appos', 'prep', 'pobj', 'Disease']"
"['truncal_ataxia', 'degeneration_of_the_cerebellar_cortex_and_roof_nuclei']","['Disease', 'acl', 'prep', 'pobj', 'Disease']"
"['muscle_lesions', 'poliomyelitis']","['Disease', 'prep', 'pobj', 'Disease']"
"['Paraplegia', 'ruptured_lumbar_discs']","['Disease', 'prep', 'pobj', 'Disease']"
"['Hemochromatosis', 'congestive_heart_failure']","['Disease', 'ROOT', 'prep', 'pobj', 'amod', 'Disease']"
"['Hemochromatosis', 'anemia']","['Disease', 'ROOT', 'prep', 'pobj', 'Disease']"
"['congestive_heart_failure', 'anemia']","['Disease', 'pobj', 'Disease']"
"['congestive_heart_failure', 'anemia']","['Disease', 'pobj', 'Disease']"
"['phlebothrombosis', 'thrombophlebitis']","['Disease', 'conj', 'Disease']"
"['Adenocarcinoma_of_the_colon', 'tumor_of_penis']","['Disease', 'prep', 'pobj', 'prep', 'pobj', 'Disease']"
"['Carcinoma', 'polycystic_kidney']","['Disease', 'prep', 'pobj', 'Disease']"
"['Leukoplakia', 'carcinoma']","['Disease', 'conj', 'prep', 'pobj', 'Disease']"
"['Metastasis', 'carcinoma_of_the_prostate']","['Disease', 'prep', 'pobj', 'Disease']"
"['gastric_cancer', 'gastric_cancer']","['Disease', 'prep', 'pobj', 'prep', 'ROOT', 'prep', 'conj', 'pobj', 'prep', 'pobj', 'prep', 'pobj', 'prep', 'pobj', 'Disease']"
"['hemolytic_jaundice', 'hepatitis']","['Disease', 'prep', 'pobj', 'Disease']"
"['lipomatosis', ""Herter's_disease""]","['Disease', 'appos', 'Disease']"
"['cleft_lip', 'nasal_deformities']","['Disease', 'conj', 'conj', 'Disease']"
"['pallor', 'hyperthermia']","['Disease', 'conj', 'Disease']"
"['pallor', 'hyperthermia']","['Disease', 'conj', 'Disease']"
"['haemorrhage', 'traumatic_rupture']","['Disease', 'prep', 'dobj', 'Disease']"
"['haemorrhage', 'rupture']","['Disease', 'ROOT', 'dobj', 'Disease']"
"['traumatic_rupture', 'rupture']","['Disease', 'prep', 'nsubj', 'ROOT', 'dobj', 'Disease']"
"['haemorrhage', 'rupture']","['Disease', 'ROOT', 'dobj', 'Disease']"
"['Chronic_pyelonephritis', 'hypertension']","['Disease', 'appos', 'prep', 'pobj', 'Disease']"
"['Pericarditis', 'tuberculosis']","['Disease', 'ROOT', 'dobj', 'prep', 'pobj', 'Disease']"
"['inner_ear_hearing_disorders', 'tinnitus']","['Disease', 'conj', 'Disease']"
"['Diverticulosis', 'diverticulitis']","['Disease', 'conj', 'Disease']"
"['fibrosis', 'celiac_diseases']","['Disease', 'conj', 'Disease']"
"['primary_infection', 'tuberculosis']","['Disease', 'prep', 'pobj', 'Disease']"
"['primary_infection', 'tuberculosis']","['Disease', 'prep', 'pobj', 'Disease']"
"['Diabetic_infantilism', 'diabetic_nephropathy']","['Disease', 'prep', 'pobj', 'Disease']"
"['Congenital_ovarian_aplasia', 'Ullrich_Turner_syndrome']","['Disease', 'prep', 'pobj', 'prep', 'pobj', 'Disease']"
"['Occupational_dermatitis', 'industrial_skin_cancer']","['Disease', 'conj', 'Disease']"
"['non_malignant_tumours', 'polyps']","['Disease', 'prep', 'pobj', 'prep', 'ROOT', 'appos', 'prep', 'pobj', 'Disease']"
"['non_malignant_tumours', 'large_villous_tumours']","['Disease', 'prep', 'pobj', 'prep', 'ROOT', 'conj', 'prep', 'pobj', 'Disease']"
"['Visceral_lesions', 'disseminated_lupus_erythematosus']","['Disease', 'prep', 'pobj', 'Disease']"
"['fever', 'vasomotor_rhinitis_and_vasomotor_sinusitis']","['Disease', 'prep', 'ROOT', 'conj', 'Disease']"
"['Virus', 'cancer']","['Disease', 'amod', 'ROOT', 'prep', 'pobj', 'Disease']"
"['Virus', 'cancer']","['Disease', 'amod', 'ROOT', 'prep', 'pobj', 'Disease']"
"['Neurogenic_tumour', 'neurilemmoma']","['Disease', 'appos', 'prep', 'pobj', 'Disease']"
"['Bicuspid_aortic_valve', 'aneurysmal_dilatation']","['Disease', 'acl', 'prep', 'pobj', 'Disease']"
"['balanitis', 'cavernitis']","['Disease', 'conj', 'conj', 'Disease']"
"['Adrenocortical_insufficiency', 'silicosis']","['Disease', 'prep', 'pobj', 'Disease']"
"['angiospasm', 'eclampsia']","['Disease', 'prep', 'pobj', 'prep', 'pobj', 'Disease']"
"['Pulmonary_embolism', 'thrombophlebitis']","['Disease', 'ROOT', 'dobj', 'Disease']"
"['Benign_tumors', 'stomach']","['Disease', 'prep', 'pobj', 'Disease']"
"['Lymphogranulomatous_infection', 'hemorrhoids']","['Disease', 'acl', 'dobj', 'prep', 'pobj', 'Disease']"
"['Neurological_syndrome', 'tumors']","['Disease', 'prep', 'pobj', 'Disease']"
"['bursitis', 'periarthritis']","['Disease', 'conj', 'Disease']"
"['Extrapulmonary_tuberculosis', 'pulmonary_tuberculosis']","['Disease', 'prep', 'pobj', 'Disease']"
"['brucellosis', 'brucellosis']","['Disease', 'prep', 'dep', 'ROOT', 'prep', 'pobj', 'Disease']"
"['hepatic_steatosis', 'cirrhosis']","['Disease', 'prep', 'ROOT', 'prep', 'pobj', 'prep', 'pobj', 'Disease']"
"['glomus_tumor', 'malformation_and_bilateral_Achilles_areflexia']","['Disease', 'prep', 'ROOT', 'prep', 'pobj', 'Disease']"
"['abdominal_diseases', 'pancreatic_diseases']","['Disease', 'ROOT', 'agent', 'pobj', 'Disease']"
"['Trauma', 'tuberculosis']","['Disease', 'conj', 'Disease']"
"['vascular_disease', 'blunt_injury']","['Disease', 'prep', 'ROOT', 'prep', 'pobj', 'Disease']"
"['Cerebral_atrophy', 'head_injury']","['Disease', 'prep', 'dobj', 'Disease']"
"['tuberculosis', 'infectious_diseases']","['Disease', 'prep', 'pobj', 'prep', 'dep', 'ROOT', 'prep', 'pobj', 'prep', 'pobj', 'prep', 'pobj', 'Disease']"
"['hypothyroidism', ""Meigs'_syndrome""]","['Disease', 'conj', 'Disease']"
"['acute_tubular_necrosis', 'acidosis']","['Disease', 'prep', 'pobj', 'prep', 'pobj', 'nmod', 'Disease']"
"['Rheumatic_fever', 'streptococcal_illness']","['Disease', 'conj', 'Disease']"
"['histidinuria', 'pregnancy_toxemias']","['Disease', 'prep', 'ROOT', 'prep', 'pobj', 'prep', 'pobj', 'Disease']"
"['food_allergy', 'eczema']","['Disease', 'prep', 'ROOT', 'prep', 'pobj', 'prep', 'pobj', 'Disease']"
"['Hiatus_hernia', 'coronary_disease']","['Disease', 'acl', 'prep', 'pobj', 'Disease']"
"['petrositis', 'mastoiditis']","['Disease', 'conj', 'Disease']"
"['petrositis', 'mastoiditis']","['Disease', 'conj', 'Disease']"
"['Liver_damage', 'fever']","['Disease', 'prep', 'pobj', 'Disease']"
"['toxoplasmosis', 'toxoplasmosis']","['Disease', 'pobj', 'prep', 'dep', 'ROOT', 'prep', 'pobj', 'Disease']"
"['ulcerous_stomatitis', 'necrotizing_tonsillitis']","['Disease', 'prep', 'pcomp', 'dobj', 'Disease']"
"['Hypertrophic_polyneuritis', 'spasmodic']","['Disease', 'prep', 'pobj', 'prep', 'pobj', 'amod', 'Disease']"
"['Abnormal_movements', ""Wilson's_disease""]","['Disease', 'prep', 'punct', 'Disease']"
"['Abnormal_movements', ""Wilson's_disease""]","['Disease', 'prep', 'punct', 'Disease']"
"['atypic_craniopharyngioma', 'total_atrophy_of_the_optic_chiasm_and_nerves']","['Disease', 'prep', 'pobj', 'Disease']"
"['rheumatoid_arthritis', 'allied_diseases']","['Disease', 'conj', 'Disease']"
"['Variability_of_endocrine_disorders', 'postpartum_hypopituitarism']","['Disease', 'prep', 'pobj', 'Disease']"
"['hypertension', 'hypotension']","['Disease', 'conj', 'Disease']"
"['hypotension', 'hypertension']","['Disease', 'conj', 'Disease']"
"['aortitis', 'interstitial_hemorrhage']","['Disease', 'appos', 'acl', 'prep', 'pobj', 'Disease']"
"['hemorrhages', 'gastroduodenal_ulcer']","['Disease', 'pobj', 'prep', 'dep', 'prep', 'pobj', 'Disease']"
"['hemorrhages', 'hemorrhages']","['Disease', 'pobj', 'prep', 'dep', 'ROOT', 'prep', 'pobj', 'conj', 'prep', 'pobj', 'Disease']"
"['hemorrhages', 'gastroduodenal_ulcer']","['Disease', 'pobj', 'prep', 'dep', 'ROOT', 'prep', 'pobj', 'conj', 'prep', 'pobj', 'Disease']"
"['gastroduodenal_ulcer', 'hemorrhages']","['Disease', 'prep', 'dep', 'ROOT', 'prep', 'pobj', 'conj', 'prep', 'pobj', 'Disease']"
"['gastroduodenal_ulcer', 'gastroduodenal_ulcer']","['Disease', 'prep', 'dep', 'ROOT', 'prep', 'pobj', 'conj', 'prep', 'pobj', 'Disease']"
"['hemorrhages', 'gastroduodenal_ulcer']","['Disease', 'prep', 'conj', 'prep', 'pobj', 'Disease']"
"['hemorrhages', 'gastroduodenal_ulcer']","['Disease', 'pobj', 'prep', 'dep', 'prep', 'pobj', 'Disease']"
"['hemorrhages', 'gastroduodenal_ulcer']","['Disease', 'pobj', 'prep', 'dep', 'ROOT', 'prep', 'pobj', 'conj', 'prep', 'pobj', 'Disease']"
"['gastroduodenal_ulcer', 'gastroduodenal_ulcer']","['Disease', 'prep', 'dep', 'ROOT', 'prep', 'pobj', 'conj', 'prep', 'pobj', 'Disease']"
"['hemorrhages', 'gastroduodenal_ulcer']","['Disease', 'pobj', 'prep', 'dep', 'ROOT', 'prep', 'pobj', 'conj', 'prep', 'pobj', 'Disease']"
"['scotoma', 'anoxia']","['Disease', 'prep', 'intj', 'nsubj', 'appos', 'prep', 'pobj', 'prep', 'pobj', 'Disease']"
"['scotoma', 'anoxia']","['Disease', 'prep', 'intj', 'nsubj', 'appos', 'prep', 'pobj', 'prep', 'pobj', 'Disease']"
"[""Riedel's_disease"", 'tuberculosis']","['Disease', 'prep', 'ccomp', 'prep', 'pobj', 'Disease']"
"['Congenital_atresia', 'stenosis']","['Disease', 'conj', 'Disease']"
"['Falciform_anemias', 'blood_diseases']","['Disease', 'conj', 'Disease']"
"['acute_myeloid_leukemia', 'acute_myeloblastic_leukemia']","['Disease', 'prep', 'pobj', 'prep', 'ccomp', 'ROOT', 'prep', 'pobj', 'prep', 'pobj', 'Disease']"
"['acute_myeloid_leukemia', 'acute_myeloblastic_leukemia']","['Disease', 'prep', 'pobj', 'prep', 'ccomp', 'ROOT', 'prep', 'pobj', 'prep', 'pobj', 'Disease']"
"['acute_myeloid_leukemia', 'acute_myeloblastic_leukemia']","['Disease', 'prep', 'pobj', 'prep', 'ccomp', 'ROOT', 'prep', 'pobj', 'prep', 'pobj', 'Disease']"
"['erythroblastosis', 'osteosclerosis']","['Disease', 'prep', 'pobj', 'Disease']"
"[""Hodgkin's_disease"", 'myocardial_granulomatosis']","['Disease', 'prep', 'pobj', 'Disease']"
"[""Hodgkin's_disease"", 'pulmonary_cavitary_granulomatosis']","['Disease', 'prep', 'pobj', 'conj', 'Disease']"
"['myocardial_granulomatosis', 'pulmonary_cavitary_granulomatosis']","['Disease', 'conj', 'Disease']"
"[""Hodgkin's_disease"", 'pulmonary_cavitary_granulomatosis']","['Disease', 'prep', 'pobj', 'conj', 'Disease']"
"['Narcosis', 'analgesia']","['Disease', 'conj', 'Disease']"
"['comas', 'epilepsy']","['Disease', 'prep', 'pobj', 'Disease']"
"['cancer_of_the_stomach', 'cancer']","['Disease', 'prep', 'ROOT', 'conj', 'prep', 'pobj', 'prep', 'pobj', 'prep', 'pobj', 'Disease']"
"['abdominal_pain', 'vomiting']","['Disease', 'conj', 'Disease']"
"['pterygia', 'pterygia']","['Disease', 'prep', 'pobj', 'prep', 'pobj', 'Disease']"
"['cardiac_hypertrophy', 'sickle_cell_anemia']","['Disease', 'prep', 'ROOT', 'prep', 'pobj', 'Disease']"
"['Polycythemia', 'brain_tumor']","['Disease', 'amod', 'prep', 'pobj', 'Disease']"
"['ganglion_block', 'bursitis']","['Disease', 'ROOT', 'prep', 'pobj', 'prep', 'pobj', 'Disease']"
"['ganglion_block', 'tendinitis']","['Disease', 'ROOT', 'prep', 'pobj', 'prep', 'pobj', 'conj', 'Disease']"
"['bursitis', 'tendinitis']","['Disease', 'conj', 'Disease']"
"['ganglion_block', 'tendinitis']","['Disease', 'ROOT', 'prep', 'pobj', 'prep', 'pobj', 'conj', 'Disease']"
"['anastomosis', 'atrophy_of_the_brain']","['Disease', 'prep', 'pobj', 'Disease']"
"['eosinophilia', 'ascariasis']","['Disease', 'prep', 'ROOT', 'prep', 'pobj', 'Disease']"
"['dyskinetic', 'constipations']","['Disease', 'pobj', 'Disease']"
"['cyanosis', 'congenital_heart_diseases']","['Disease', 'prep', 'pobj', 'Disease']"
"['glomerulonephritis', 'urinary_disorders']","['Disease', 'ROOT', 'prep', 'pobj', 'Disease']"
"['erythroblastosis', ""di_Guglielmo's_disease""]","['Disease', 'appos', 'Disease']"
"['fracture', 'fractures']","['Disease', 'conj', 'prep', 'amod', 'prep', 'pobj', 'Disease']"
"['Diverticulitis', 'carcinoma']","['Disease', 'conj', 'Disease']"
"['mesenteric_occlusion', 'thrombophlebitis']","['Disease', 'prep', 'pobj', 'prep', 'pcomp', 'dobj', 'Disease']"
"['gastric_cancers', 'metastasis']","['Disease', 'prep', 'conj', 'pobj', 'prep', 'pobj', 'conj', 'Disease']"
"['gastric_cancers', 'gastric_cancer']","['Disease', 'prep', 'conj', 'pobj', 'prep', 'pobj', 'conj', 'prep', 'pobj', 'prep', 'pobj', 'Disease']"
"['metastasis', 'gastric_cancer']","['Disease', 'prep', 'pobj', 'prep', 'pobj', 'Disease']"
